program,cid
FDA CTP,151
FDA CTP,152
CAMO,154
FDA CTP,155
CAMO,156
Corporate,157
Corporate,160
Corporate,161
Seymour Johnson AFB A&FRC,162
CAMO,163
CAMO,164
CAMO,166
Corporate,167
Corporate,168
FDA CTP,169
FDA CTP,170
Corporate,171
FDA CTP,172
CAMO,173
CAMO,174
CAMO,175
CAMO,176
Corporate,178
CAMO,181
FDA CTP,182
CAMO,183
FDA CTP,186
Corporate,187
FDA CTP,189
CAMO,190
CAMO,191
USAO WD NC,192
CAMO,194
FDA CTP,195
CAMO,196
Corporate,197
Whiteman AFB A&FRC,198
FDA CTP,199
CAMO,200
CAMO,201
FDA CTP,202
CAMO,204
FDA CTP,205
FDA CTP,206
FDA CTP,207
Corporate,209
CAMO,210
CAMO,211
FDA CTP,150
Corporate,178
Test,178
Test,193
CAMO,214
CAMO,215
CAMO,216
CAMO,218
CAMO,219
CAMO,220
CAMO,273
CAMO,274
CAMO,276
CAMO,277
CAMO,278
CAMO,279
CAMO,280
CAMO,281
CAMO,282
CAMO,283
CAMO,284
CAMO,285
CAMO,286
CAMO,287
CAMO,288
CAMO,289
CAMO,290
CAMO,291
CAMO,292
CAMO,293
CAMO,294
CAMO,295
CAMO,296
CAMO,297
Scott AFB,298
Barksdale AFB A&FRC,299
Corporate,193
CAMO (ZAI),212
CAMO (ZAI),213
Test,177
Test,168
